GROUP,PACKAGE,CLASS,INSTRUCTION_MISSED,INSTRUCTION_COVERED,BRANCH_MISSED,BRANCH_COVERED,LINE_MISSED,LINE_COVERED,COMPLEXITY_MISSED,COMPLEXITY_COVERED,METHOD_MISSED,METHOD_COVERED
Reimbursement,com.reimbursement.service,UserService,9,37,2,0,1,11,2,5,1,5
Reimbursement,com.reimbursement.service,RecordService,42,160,15,5,20,37,15,6,0,6
Reimbursement,com.reimbursement.service,ReimbursementService,52,41,0,2,12,11,2,5,2,4
Reimbursement,com.reimbursement.servlet,WebpageServlet,29,0,2,0,8,0,4,0,3,0
Reimbursement,com.reimbursement.servlet,ReturnDataSelector,112,0,21,0,25,0,17,0,3,0
Reimbursement,com.reimbursement.servlet,DataServlet,17,0,0,0,5,0,3,0,3,0
Reimbursement,com.reimbursement.util,DBConnector,3,35,0,2,2,11,0,4,0,3
Reimbursement,com.reimbursement.dao,ReimbursementTypeDAO,23,264,4,6,15,84,4,10,0,9
Reimbursement,com.reimbursement.dao,RecordDAO,6,152,3,19,3,42,3,13,0,2
Reimbursement,com.reimbursement.dao,UserRoleDAO,23,264,4,6,15,84,4,10,0,9
Reimbursement,com.reimbursement.dao,ReimbursementStatusDAO,23,264,4,6,15,84,4,10,0,9
Reimbursement,com.reimbursement.dao,UserDAO,29,362,7,7,19,100,7,10,0,9
Reimbursement,com.reimbursement.dao,ReimbursementDAO,26,468,5,9,17,125,5,11,0,9
Reimbursement,com.reimbursement.model,RecordDTO,12,94,0,0,4,39,4,18,4,18
Reimbursement,com.reimbursement.model,Reimbursement,96,98,0,0,17,39,4,20,4,20
Reimbursement,com.reimbursement.model,UserRole,17,26,0,0,1,11,1,6,1,6
Reimbursement,com.reimbursement.model,ReimbursementType,17,26,0,0,1,11,1,6,1,6
Reimbursement,com.reimbursement.model,UserDTO,26,0,0,0,11,0,6,0,6,0
Reimbursement,com.reimbursement.model,User,54,85,0,0,7,33,4,14,4,14
Reimbursement,com.reimbursement.model,ReimbursementStatus,17,26,0,0,1,11,1,6,1,6
Reimbursement,com.reimbursement.controller,ViewController,99,0,12,0,30,0,9,0,3,0
Reimbursement,com.reimbursement.controller,OutboundDataController,116,0,4,0,33,0,7,0,5,0
Reimbursement,com.reimbursement.controller,InboundDataController,162,0,6,0,42,0,8,0,5,0
